X,Y,Z
0.35043659806251526,0.0,0.5344057083129883
0.5591651797294617,0.0,0.7670084238052368
0.40936845541000366,0.0,0.10019885003566742
0.5047323107719421,0.0,0.786624014377594
0.00696023041382432,0.0,1.0
0.28341808915138245,0.0,0.9982511401176453
0.3013916611671448,0.0,0.9892572164535522
0.27803608775138855,0.0,0.9855486154556274
0.3657355308532715,0.0,0.9802481532096863
0.315582811832428,0.0,0.977825939655304
0.5016236901283264,0.0,0.9791629314422607
0.4351474940776825,0.0,0.9729779958724976
0.7013746500015259,0.0,0.970832884311676
0.30783358216285706,0.0,0.9471653699874878
0.07177984714508057,0.0,0.9454689621925354
0.4322930574417114,0.0,0.9362139701843262
0.12824662029743195,0.0,0.9356421828269958
0.5170278549194336,0.0,0.9333372712135315
0.137253537774086,0.0,0.9319734573364258
0.1554141342639923,0.0,0.9302693605422974
0.4255439043045044,0.0,0.9286358952522278
0.2631855607032776,0.0,0.9274913668632507
0.13598531484603882,0.0,0.9274917244911194
0.18072420358657837,0.0,0.926215648651123
0.21430528163909912,0.0,0.9263119101524353
0.2593039572238922,0.0,0.9250878095626831
0.17385977506637573,0.0,0.923497200012207
0.2951430678367615,0.0,0.9189099073410034
0.4426994323730469,0.0,0.914871871471405
0.4229820966720581,0.0,0.9133972525596619
0.1714632362127304,0.0,0.9121537208557129
0.4441570043563843,0.0,0.9091017246246338
0.29461461305618286,0.0,0.9073466062545776
0.2848830223083496,0.0,0.9040051698684692
0.3097643554210663,0.0,0.9003702998161316
0.11677420884370804,0.0,0.9013053774833679
0.20524397492408752,0.0,0.8975304365158081
0.19423402845859528,0.0,0.8918842077255249
0.7222003936767578,0.0,0.8903952240943909
0.4276984632015228,0.0,0.8852259516716003
0.03278614580631256,0.0,0.8752111792564392
0.03790929168462753,0.0,0.8678433299064636
0.4132572412490845,0.0,0.866884171962738
0.3984089195728302,0.0,0.8587279319763184
0.05083397030830383,0.0,0.8455762267112732
0.09989304840564728,0.0,0.8447355031967163
0.35959431529045105,0.0,0.8435338139533997
0.03563930094242096,0.0,0.8406733274459839
0.06770569086074829,0.0,0.8372316956520081
0.4635515809059143,0.0,0.8359318375587463
0.38041913509368896,0.0,0.8351570963859558
0.03756334260106087,0.0,0.8308823704719543
0.4433990716934204,0.0,0.8276824355125427
0.04467995464801788,0.0,0.8263350129127502
0.37680211663246155,0.0,0.8254200220108032
0.6323245763778687,0.0,0.8222092390060425
0.1723790317773819,0.0,0.8220845460891724
0.6165788173675537,0.0,0.8197206854820251
0.3343484401702881,0.0,0.8188044428825378
0.04837609454989433,0.0,0.8185037970542908
0.048887502402067184,0.0,0.80756014585495
0.4190535247325897,0.0,0.808437705039978
0.5628622174263,0.0,0.8079045414924622
0.2438938170671463,0.0,0.8071089386940002
0.2565460205078125,0.0,0.8058280348777771
0.3645641505718231,0.0,0.8050601482391357
0.06278671324253082,0.0,0.8014527559280396
0.3320982754230499,0.0,0.7996355295181274
0.5283359885215759,0.0,0.7957412600517273
0.20210713148117065,0.0,0.794717013835907
0.2961186468601227,0.0,0.7920704483985901
0.32862669229507446,0.0,0.7921459078788757
0.4871053993701935,0.0,0.7872956991195679
0.4623818099498749,0.0,0.7854053378105164
0.06550220400094986,0.0,0.7830799221992493
0.5333855748176575,0.0,0.7804647088050842
0.4561387896537781,0.0,0.778398871421814
0.324870765209198,0.0,0.7758825421333313
0.5247688889503479,0.0,0.7687402367591858
0.49116790294647217,0.0,0.7664875984191895
0.09665796160697937,0.0,0.7665412425994873
0.5352145433425903,0.0,0.7655044198036194
0.1856400966644287,0.0,0.7653312683105469
0.20452675223350525,0.0,0.7603529691696167
0.1327018141746521,0.0,0.7554556727409363
0.20821483433246613,0.0,0.7513259649276733
0.12014465779066086,0.0,0.7491311430931091
0.5968263149261475,0.0,0.745743989944458
0.30298280715942383,0.0,0.7455973625183105
0.48106518387794495,0.0,0.7440342307090759
0.5867152214050293,0.0,0.7341284155845642
0.49523359537124634,0.0,0.7397418022155762
0.01928464137017727,0.0,0.7376469969749451
0.30179363489151,0.0,0.7364507913589478
0.49407958984375,0.0,0.7356523275375366
0.5197041034698486,0.0,0.730343222618103
0.47017309069633484,0.0,0.7331646680831909
0.5277816653251648,0.0,0.7303526401519775
0.5024435520172119,0.0,0.7321354150772095
0.017148014158010483,0.0,0.7293415069580078
0.16252164542675018,0.0,0.728298008441925
0.46733224391937256,0.0,0.7277123928070068
0.6210364103317261,0.0,0.726682722568512
0.5013131499290466,0.0,0.7252418994903564
0.3655873239040375,0.0,0.7243577837944031
0.3065081536769867,0.0,0.7192638516426086
0.46747666597366333,0.0,0.713657021522522
0.42927563190460205,0.0,0.7154709100723267
0.5188665986061096,0.0,0.7147818207740784
0.606447160243988,0.0,0.7133446335792542
0.4328770935535431,0.0,0.712231457233429
0.18111586570739746,0.0,0.7108187675476074
0.5174741148948669,0.0,0.7103785872459412
0.5271837115287781,0.0,0.7094358205795288
0.12636665999889374,0.0,0.7063366174697876
0.6133095622062683,0.0,0.7052509784698486
0.09155267477035522,0.0,0.7061899304389954
0.46821027994155884,0.0,0.7048152685165405
0.0746367871761322,0.0,0.7045081853866577
0.44823840260505676,0.0,0.7055876851081848
0.5178455114364624,0.0,0.7040530443191528
0.39000052213668823,0.0,0.7052397727966309
0.6025188565254211,0.0,0.7017025351524353
0.16274800896644592,0.0,0.7003809809684753
0.4533485770225525,0.0,0.6993014216423035
0.4838712215423584,0.0,0.6995694041252136
0.5106915235519409,0.0,0.697998583316803
0.13300254940986633,0.0,0.6991386413574219
0.5368442535400391,0.0,0.6988069415092468
0.599648118019104,0.0,0.6954045295715332
0.5428674221038818,0.0,0.6978464126586914
0.549448549747467,0.0,0.6962265372276306
0.5362241864204407,0.0,0.6943613886833191
0.5236185193061829,0.0,0.6925646662712097
0.5581243634223938,0.0,0.6936219334602356
0.5006139874458313,0.0,0.692692220211029
0.5137004852294922,0.0,0.6923494935035706
0.5444959998130798,0.0,0.6920456290245056
0.5646331310272217,0.0,0.6908752918243408
0.5289804339408875,0.0,0.688152015209198
0.5713648796081543,0.0,0.690618097782135
0.536607563495636,0.0,0.6896965503692627
0.5480870604515076,0.0,0.6871398091316223
0.5607998967170715,0.0,0.6862745881080627
0.5689253211021423,0.0,0.6854762434959412
0.2766464948654175,0.0,0.6842590570449829
0.22093449532985687,0.0,0.6856599450111389
0.46686530113220215,0.0,0.6848697662353516
0.4735032618045807,0.0,0.6844661831855774
0.5374758839607239,0.0,0.6846184134483337
0.576150119304657,0.0,0.6829622387886047
0.5204286575317383,0.0,0.6797731518745422
0.5349566340446472,0.0,0.6796279549598694
0.5846462845802307,0.0,0.681151270866394
0.19103778898715973,0.0,0.6790198087692261
0.4720069468021393,0.0,0.675527036190033
0.542439341545105,0.0,0.676675021648407
0.5114280581474304,0.0,0.6765927672386169
0.5683603882789612,0.0,0.6758825182914734
0.3591625988483429,0.0,0.6758396029472351
0.4938025176525116,0.0,0.6719641089439392
0.6029472947120667,0.0,0.6757609248161316
0.5602843165397644,0.0,0.6734838485717773
0.46000203490257263,0.0,0.672892689704895
0.5450605750083923,0.0,0.6714912056922913
0.5891298055648804,0.0,0.6693869233131409
0.6070536375045776,0.0,0.668986976146698
0.6199992895126343,0.0,0.6682115793228149
0.4775315225124359,0.0,0.6669671535491943
0.2627912759780884,0.0,0.6662957072257996
0.317964106798172,0.0,0.66468745470047
0.5371567606925964,0.0,0.6658290028572083
0.5513724088668823,0.0,0.6652029156684875
0.224910169839859,0.0,0.6640563011169434
0.17284870147705078,0.0,0.6632297039031982
0.529910683631897,0.0,0.663247287273407
0.5555181503295898,0.0,0.6630874872207642
0.5323554873466492,0.0,0.6561868786811829
0.1748729795217514,0.0,0.659635066986084
0.2807098627090454,0.0,0.6579165458679199
0.5601826906204224,0.0,0.6588335633277893
0.570582389831543,0.0,0.6580405831336975
0.22547301650047302,0.0,0.6577073335647583
0.6361482739448547,0.0,0.6565763354301453
0.09601733833551407,0.0,0.6575532555580139
0.49399253726005554,0.0,0.6541702151298523
0.28612616658210754,0.0,0.6550958156585693
0.23321707546710968,0.0,0.6513225436210632
0.37150973081588745,0.0,0.6527717113494873
0.8207564949989319,0.0,0.6444942355155945
0.32745787501335144,0.0,0.6449207663536072
0.07545240223407745,0.0,0.6423430442810059
0.2484549880027771,0.0,0.6442548036575317
0.061707764863967896,0.0,0.6416642069816589
0.23863475024700165,0.0,0.6406463980674744
0.35447731614112854,0.0,0.6405749320983887
0.5107607245445251,0.0,0.6378064751625061
0.3569583594799042,0.0,0.6328251957893372
0.1970260739326477,0.0,0.6330373883247375
0.24245719611644745,0.0,0.6300582885742188
0.31333890557289124,0.0,0.6296110153198242
0.7932067513465881,0.0,0.6304617524147034
0.06199737265706062,0.0,0.6265981197357178
0.7935810685157776,0.0,0.6254014372825623
0.057206232100725174,0.0,0.6263808012008667
0.4015279710292816,0.0,0.6250342726707458
0.39743489027023315,0.0,0.6240357756614685
0.08568284660577774,0.0,0.6222678422927856
0.2143416851758957,0.0,0.6174939870834351
0.23164306581020355,0.0,0.6160218119621277
0.7801861763000488,0.0,0.6185529232025146
0.752396821975708,0.0,0.6093069911003113
0.22217898070812225,0.0,0.6058584451675415
0.2901223301887512,0.0,0.6030062437057495
0.1348295658826828,0.0,0.6016843318939209
0.44213274121284485,0.0,0.5988455414772034
0.0489385761320591,0.0,0.5978602766990662
0.12373694032430649,0.0,0.5916896462440491
0.7723613977432251,0.0,0.5914191007614136
0.5219367742538452,0.0,0.5861230492591858
0.11031804978847504,0.0,0.5858361721038818
0.4551504850387573,0.0,0.583361804485321
0.24436964094638824,0.0,0.5822423696517944
0.2194589525461197,0.0,0.5810408592224121
0.19692149758338928,0.0,0.5755366683006287
0.0021214010193943977,0.0,0.5768473744392395
0.001227573724463582,0.0,0.574551522731781
0.21656569838523865,0.0,0.5696642398834229
0.5585780739784241,0.0,0.5669151544570923
0.18678511679172516,0.0,0.5671823620796204
0.11292293667793274,0.0,0.5632312297821045
0.5645076632499695,0.0,0.5645306706428528
0.739696204662323,0.0,0.5606614351272583
0.32532110810279846,0.0,0.5604652762413025
0.5405145287513733,0.0,0.5505305528640747
0.026898914948105812,0.0,0.5499662756919861
0.1362980157136917,0.0,0.5464836359024048
0.44521936774253845,0.0,0.5470510125160217
0.38889098167419434,0.0,0.5431482195854187
0.17018520832061768,0.0,0.542779803276062
0.7552642822265625,0.0,0.531110405921936
0.37033146619796753,0.0,0.5307053923606873
0.7000855803489685,0.0,0.5266547799110413
0.37347427010536194,0.0,0.5235986113548279
0.7645247578620911,0.0,0.5262351632118225
0.29491397738456726,0.0,0.5254359245300293
0.2857607305049896,0.0,0.5249462723731995
0.3564245104789734,0.0,0.5242305994033813
0.1775585114955902,0.0,0.5232787728309631
0.34428223967552185,0.0,0.519612193107605
0.33049947023391724,0.0,0.5179467797279358
0.4581451117992401,0.0,0.5071157217025757
0.5450319051742554,0.0,0.5070375800132751
0.16323645412921906,0.0,0.4780028164386749
0.14647938311100006,0.0,0.4728523790836334
0.2085273712873459,0.0,0.47053396701812744
0.2619081139564514,0.0,0.4705832600593567
0.15141013264656067,0.0,0.47063136100769043
0.7056279182434082,0.0,0.4683816432952881
0.7616473436355591,0.0,0.46433478593826294
0.1575690507888794,0.0,0.45865559577941895
0.07523343712091446,0.0,0.4573434889316559
0.7152422666549683,0.0,0.45050564408302307
0.26806744933128357,0.0,0.4498269259929657
0.6358945369720459,0.0,0.4460507035255432
0.21503795683383942,0.0,0.4450622498989105
0.4113604724407196,0.0,0.43931594491004944
0.6158041954040527,0.0,0.4372117221355438
0.3957117795944214,0.0,0.4366430938243866
0.6417844295501709,0.0,0.4342125356197357
0.8002035617828369,0.0,0.43153515458106995
0.6734545230865479,0.0,0.4229883849620819
0.6858993768692017,0.0,0.4194242060184479
0.012897943146526814,0.0,0.4195915162563324
0.3443927466869354,0.0,0.41747963428497314
0.3828573524951935,0.0,0.41595280170440674
0.812336802482605,0.0,0.4135962724685669
0.2143288254737854,0.0,0.4088629484176636
0.3997691571712494,0.0,0.4008997678756714
0.41509291529655457,0.0,0.389257550239563
0.6207486987113953,0.0,0.38574257493019104
0.4080093801021576,0.0,0.383416086435318
0.057452891021966934,0.0,0.37975507974624634
0.39732596278190613,0.0,0.3767518997192383
0.3389132618904114,0.0,0.3762010633945465
0.6364067196846008,0.0,0.36837464570999146
0.6570894718170166,0.0,0.3663299083709717
0.927241861820221,0.0,0.3598245680332184
0.1829601526260376,0.0,0.35829004645347595
0.9262754321098328,0.0,0.3528038561344147
0.5960021018981934,0.0,0.3525368571281433
0.1841493844985962,0.0,0.3490111231803894
0.42085886001586914,0.0,0.33943742513656616
0.5089859366416931,0.0,0.3390708565711975
0.32750698924064636,0.0,0.3322449326515198
0.3196818232536316,0.0,0.32519224286079407
0.09252195060253143,0.0,0.3243805766105652
0.21331842243671417,0.0,0.32252174615859985
0.33114713430404663,0.0,0.3207985460758209
0.6985902786254883,0.0,0.3196542263031006
0.21209172904491425,0.0,0.3161037862300873
0.541218101978302,0.0,0.31573235988616943
0.31303587555885315,0.0,0.31078776717185974
0.5119609236717224,0.0,0.30023154616355896
0.40610551834106445,0.0,0.2983913719654083
0.49737125635147095,0.0,0.2992344796657562
0.3341314494609833,0.0,0.29876455664634705
0.006135500967502594,0.0,0.29856550693511963
0.5131006240844727,0.0,0.2968132793903351
0.49833402037620544,0.0,0.2865717113018036
0.08687141537666321,0.0,0.28697338700294495
0.3731513023376465,0.0,0.28389137983322144
0.1592024564743042,0.0,0.2820661962032318
0.29905906319618225,0.0,0.2823669910430908
0.5035502314567566,0.0,0.27920714020729065
0.757114052772522,0.0,0.2783168852329254
0.5832927227020264,0.0,0.2608380615711212
0.5552588701248169,0.0,0.252962589263916
0.6283369660377502,0.0,0.2502116560935974
0.48358210921287537,0.0,0.2477852702140808
0.7896385192871094,0.0,0.24656225740909576
0.4435904324054718,0.0,0.24666543304920197
0.5395236611366272,0.0,0.24019524455070496
0.47498488426208496,0.0,0.23928715288639069
0.4385382831096649,0.0,0.23187260329723358
0.5482174754142761,0.0,0.2325073927640915
0.405779093503952,0.0,0.2249327450990677
0.4660828709602356,0.0,0.22149531543254852
0.41365519165992737,0.0,0.22270499169826508
0.505096971988678,0.0,0.22209885716438293
0.8333131670951843,0.0,0.21080957353115082
0.47954633831977844,0.0,0.20774784684181213
0.829073429107666,0.0,0.20416642725467682
0.8595748543739319,0.0,0.19178283214569092
0.7645584940910339,0.0,0.18533958494663239
0.5029807090759277,0.0,0.17099593579769135
0.7161039113998413,0.0,0.1634572148323059
0.679948627948761,0.0,0.16195490956306458
0.6834299564361572,0.0,0.15923398733139038
0.9600959420204163,0.0,0.1582813560962677
0.5452889204025269,0.0,0.15535807609558105
0.5429503917694092,0.0,0.1507289856672287
0.6467949151992798,0.0,0.14729824662208557
0.6235231161117554,0.0,0.14242589473724365
0.6395598649978638,0.0,0.14125077426433563
0.6016916036605835,0.0,0.13659551739692688
0.48669347167015076,0.0,0.11512617021799088
0.4831428527832031,0.0,0.11080562323331833
0.4651348888874054,0.0,0.11038481444120407
0.5705558061599731,0.0,0.10837942361831665
0.8725919723510742,0.0,0.10720623284578323
0.4301641881465912,0.0,0.09466826915740967
0.553607165813446,0.0,0.09397123008966446
0.5557196140289307,0.0,0.08782371878623962
0.44574522972106934,0.0,0.08246363699436188
0.533123254776001,0.0,0.07913084328174591
0.41054150462150574,0.0,0.07656046748161316
0.8640905022621155,0.0,0.07207199186086655
0.40050455927848816,0.0,0.07462801784276962
0.5588746666908264,0.0,0.07222329080104828
0.8751220107078552,0.0,0.06650261580944061
0.882420539855957,0.0,0.06491568684577942
0.4075410068035126,0.0,0.06325531005859375
0.8660337924957275,0.0,0.06392151117324829
0.4689810872077942,0.0,0.06248335912823677
0.9140266180038452,0.0,0.061387065798044205
0.9612829089164734,0.0,0.061316996812820435
0.4148874282836914,0.0,0.05994417890906334
0.8552039861679077,0.0,0.049989838153123856
1.0,0.0,0.03952284902334213
0.4780455231666565,0.0,0.023035557940602303
0.4724261164665222,0.0,0.016795381903648376
0.5769750475883484,0.0,0.012150118127465248
0.9080011248588562,0.0,0.010723697021603584
0.7874764204025269,0.0,0.006804146338254213
0.6000025272369385,0.0,0.00776017177850008
0.6253862380981445,0.0,0.0032315084245055914
0.7407082915306091,0.0,0.0011234174016863108
0.499549925327301,0.0,0.002664913423359394
0.7356603741645813,0.0,0.0012128163361921906
0.6296711564064026,0.0,0.0
0.51787269115448,0.0,0.3081946074962616
0.9140405654907227,0.0,0.057587407529354095
0.5202192068099976,0.0,0.3210534453392029
0.6146968603134155,0.0,0.016467077657580376
0.5742679834365845,0.0,0.9309421181678772
0.40428391098976135,0.0,0.8682113289833069
0.22096160054206848,0.0,0.8350818753242493
0.2836395800113678,0.0,0.8211970925331116
0.14217063784599304,0.0,0.8029759526252747
0.20131400227546692,0.0,0.7895480990409851
0.25585708022117615,0.0,0.7552165985107422
0.2966119349002838,0.0,0.738719642162323
0.4775840640068054,0.0,0.7358725070953369
0.22934313118457794,0.0,0.7239844799041748
0.14901892840862274,0.0,0.7168170213699341
0.4022430181503296,0.0,0.7029886245727539
0.1565587967634201,0.0,0.6983370184898376
0.46786290407180786,0.0,0.6901713609695435
0.2906505763530731,0.0,0.6526806354522705
0.23660039901733398,0.0,0.6334384083747864
0.48836612701416016,0.0,0.6373841762542725
0.355577290058136,0.0,0.625714123249054
0.10536723583936691,0.0,0.6302279829978943
0.7982287406921387,0.0,0.6223428845405579
0.7934767603874207,0.0,0.6182822585105896
0.06527826935052872,0.0,0.6212791800498962
0.07546983659267426,0.0,0.5991836190223694
0.2247009575366974,0.0,0.5985923409461975
0.5441539287567139,0.0,0.5598673224449158
0.3174661099910736,0.0,0.5452677607536316
0.30177146196365356,0.0,0.5226457118988037
0.3426498770713806,0.0,0.5148281455039978
0.41519665718078613,0.0,0.4684741795063019
0.46671971678733826,0.0,0.40645158290863037
0.0,0.0,0.40253451466560364
0.3089297115802765,0.0,0.2997024655342102
0.49347609281539917,0.0,0.29485172033309937
0.9754379987716675,0.0,0.2750338613986969
0.9698648452758789,0.0,0.2487061321735382
0.807083785533905,0.0,0.21158333122730255
0.8077609539031982,0.0,0.1970473676919937
0.506148636341095,0.0,0.12810583412647247
0.557904064655304,0.0,0.0908362939953804
0.8544018864631653,0.0,0.07690224051475525
0.9936007857322693,0.0,0.07727477699518204
0.9895970225334167,0.0,0.05317165330052376
0.7841638922691345,0.0,0.02433592639863491
0.8823567628860474,0.0,0.015530169010162354
0.7136974930763245,0.0,0.009582126513123512
0.6194595694541931,0.0,0.006034897640347481
