Time,ViralLoad,IFN,Health,Refractory,Infected,Dead
0,5000.000000,0.000000,19968,0,5,0
100,3169.204834,0.000000,19817,0,156,0
200,2100.162354,0.000000,19753,0,220,0
300,1392.086548,0.000000,19706,0,267,0
400,923.677979,0.000000,19671,0,302,0
500,1684.948853,837.282104,19638,0,335,0
600,12155.211914,8097.557129,19589,5,379,0
700,26037.880859,15019.266602,19488,20,465,0
800,40056.714844,20690.511719,19375,43,555,0
900,53364.328125,25299.505859,19267,65,641,0
1000,65025.863281,28759.962891,19141,81,751,0
1100,76545.726562,32448.201172,19019,99,855,0
1200,90309.648438,37820.843750,18908,121,944,0
1300,107783.179688,45364.320312,18824,133,1016,0
1400,126236.867188,52663.214844,18725,164,1027,57
1500,137705.312500,54772.593750,18624,192,992,165
1600,148767.078125,58246.460938,18512,228,1013,220
1700,160155.531250,62152.761719,18409,251,1039,274
1800,170834.843750,65547.476562,18312,264,1090,307
1900,181156.171875,68935.757812,18203,280,1149,341
2000,190865.921875,72206.664062,18104,303,1173,393
2100,197609.140625,73668.218750,18027,322,1147,477
2200,201017.484375,73429.101562,17953,348,1097,575
2300,202402.343750,72758.218750,17854,368,1092,659
2400,203120.781250,72380.523438,17770,386,1056,761
2500,201280.515625,70545.914062,17659,407,1030,877
2600,196874.046875,67915.367188,17533,440,1040,960
2700,191611.140625,65523.753906,17393,478,1065,1037
2800,188364.875000,64998.449219,17258,504,1107,1104
2900,186001.578125,64599.730469,17129,528,1147,1169
3000,185930.703125,65331.257812,17012,551,1156,1254
3100,187594.218750,66833.953125,16885,574,1188,1326
3200,190413.421875,68345.968750,16787,592,1189,1405
3300,193744.093750,69787.210938,16693,610,1172,1498
3400,198245.250000,71715.492188,16574,637,1193,1569
3500,203838.171875,74053.875000,16458,661,1221,1633
3600,211221.343750,77384.859375,16336,680,1264,1693
3700,218296.171875,79774.468750,16194,711,1308,1760
3800,223306.281250,80848.398438,16051,735,1351,1836
3900,226896.484375,81565.406250,15891,761,1391,1930
4000,229360.906250,81852.843750,15742,802,1402,2027
4100,231267.687500,82096.109375,15599,826,1420,2128
4200,232684.812500,82291.867188,15458,848,1429,2238
4300,234186.828125,82862.968750,15305,883,1451,2334
4400,238483.593750,85376.984375,15166,920,1456,2431
4500,242372.703125,86815.132812,15008,963,1471,2531
4600,247267.375000,88892.351562,14847,995,1524,2607
4700,254052.750000,91915.343750,14652,1035,1594,2692
4800,261314.437500,94770.710938,14482,1072,1641,2778
4900,267213.968750,96182.265625,14303,1118,1671,2881
5000,271348.468750,97035.281250,14131,1163,1698,2981
5100,276901.218750,99357.617188,13956,1211,1713,3093
5200,283761.562500,102473.078125,13788,1254,1716,3215
5300,288552.937500,103515.382812,13615,1293,1729,3336
5400,294245.218750,105965.937500,13423,1326,1780,3444
5500,300026.093750,108181.117188,13250,1365,1785,3573
5600,303590.093750,108736.085938,13046,1418,1815,3694
5700,306749.187500,109298.523438,12837,1457,1868,3811
5800,310790.406250,111232.179688,12608,1495,1958,3912
5900,317526.250000,114595.843750,12397,1530,2019,4027
6000,322701.968750,116164.710938,12162,1566,2074,4171
6100,325294.906250,115916.304688,11961,1596,2092,4324
6200,330410.062500,118331.671875,11752,1634,2149,4438
6300,338126.468750,121981.742188,11595,1664,2144,4570
6400,347391.562500,125660.914062,11464,1679,2131,4699
6500,359481.812500,131113.687500,11345,1701,2092,4835
6600,373308.687500,136967.515625,11227,1720,2064,4962
6700,386616.281250,141586.171875,11076,1746,2056,5095
6800,395298.843750,142453.468750,10924,1776,2034,5239
6900,398573.031250,140826.296875,10776,1806,2005,5386
7000,396342.156250,136760.093750,10637,1830,1960,5546
7100,387988.187500,130599.898438,10519,1847,1885,5722
7200,376408.343750,124456.656250,10422,1859,1779,5913
7300,364209.875000,119543.710938,10320,1877,1695,6081
7400,349617.343750,113118.531250,10234,1897,1563,6279
7500,334099.812500,106832.414062,10154,1917,1462,6440
7600,317166.468750,100115.703125,10062,1934,1354,6623
7700,300751.093750,94476.195312,9966,1955,1321,6731
7800,286452.406250,90489.468750,9842,1973,1307,6851
7900,274303.843750,87535.914062,9752,1983,1281,6957
8000,262754.125000,84265.351562,9670,1998,1261,7044
8100,251031.484375,80260.960938,9608,2010,1176,7179
8200,238561.328125,75947.804688,9560,2016,1095,7302
8300,228674.656250,73884.343750,9524,2023,1007,7419
8400,219666.515625,71733.210938,9481,2032,943,7517
8500,211238.234375,69339.312500,9449,2042,853,7629
8600,202056.953125,66158.054688,9404,2049,810,7710
8700,192771.140625,62773.203125,9366,2058,754,7795
8800,182504.062500,58943.109375,9324,2066,733,7850
8900,173844.031250,56271.234375,9286,2075,692,7920
9000,163517.281250,52058.292969,9249,2081,660,7983
9100,152281.640625,47530.550781,9209,2092,589,8083
9200,139110.375000,41872.828125,9166,2105,526,8176
9300,124990.578125,36118.078125,9102,2115,503,8253
9400,112229.039062,31885.964844,9037,2130,496,8310
9500,101692.875000,29142.488281,8976,2139,501,8357
9600,93057.421875,27095.398438,8929,2148,492,8404
9700,86600.312500,26004.785156,8894,2157,487,8435
9800,84140.000000,27120.310547,8867,2161,484,8461
9900,85091.359375,29412.287109,8829,2173,478,8493
