Time,ViralLoad,IFN
0,0.000000,0.000000
60,15.175881,0.003677
120,58.822418,0.020095
180,120.164795,0.054494
240,192.413483,0.110880
300,270.787537,0.198189
360,351.772766,0.329977
420,432.849365,0.510561
480,511.706512,0.779141
540,585.815796,1.134670
600,652.337952,1.599208
660,709.038757,2.179903
720,754.458008,2.866462
780,787.679443,3.720101
840,808.825928,4.745062
900,818.146912,5.839439
960,816.387512,7.086335
1020,804.910156,8.422783
1080,785.066956,9.810927
1140,758.390991,11.321953
1200,726.478271,12.786579
1260,690.786194,14.188359
1320,651.984741,15.668508
1380,611.740479,16.924194
1440,571.331543,18.149521
1500,531.659790,19.131453
1560,492.003235,19.801479
1620,445.984528,20.282352
1680,402.671753,20.618546
1740,362.148926,20.744318
1800,326.479553,20.595303
1860,294.374084,20.302719
1920,264.096405,19.972231
1980,144.777863,19.175678
2040,103.637398,18.639875
2100,84.164787,17.987570
2160,70.200867,16.921263
2220,55.261814,15.730172
2280,43.487244,14.635695
2340,34.297817,13.319715
2400,26.377802,12.089387
2460,20.053139,10.905230
2520,15.424363,9.707298
2580,12.007432,8.496283
2640,9.543467,7.464687
2700,7.638501,6.505196
2760,5.687666,5.561924
2820,4.094719,4.645637
2880,2.875534,3.930899
2940,2.026562,3.304050
3000,1.425992,2.694700
3060,0.972309,2.217061
3120,0.649764,1.810965
3180,0.426955,1.465436
3240,0.274839,1.187614
3300,0.175187,0.947038
3360,0.111723,0.762133
3420,0.071999,0.595157
3480,0.047198,0.444876
3540,0.031424,0.318927
3600,0.021035,0.230934
3660,0.014014,0.168779
3720,0.009263,0.124606
3780,0.006096,0.088017
3840,0.004016,0.058284
3900,0.002638,0.036251
3960,0.001711,0.022377
4020,0.001089,0.013824
4080,0.000677,0.008617
4140,0.000412,0.005396
4200,0.000245,0.003392
4260,0.000144,0.002143
4320,0.000083,0.001359
4380,0.000047,0.000866
4440,0.000026,0.000553
4500,0.000015,0.000355
4560,0.000008,0.000228
4620,0.000004,0.000146
4680,0.000002,0.000094
4740,0.000001,0.000061
4800,0.000001,0.000040
4860,0.000000,0.000026
4920,0.000000,0.000017
4980,0.000000,0.000011
5040,0.000000,0.000007
5100,0.000000,0.000005
5160,0.000000,0.000003
5220,0.000000,0.000002
5280,0.000000,0.000001
5340,0.000000,0.000001
5400,0.000000,0.000001
5460,0.000000,0.000000
5520,0.000000,0.000000
5580,0.000000,0.000000
5640,0.000000,0.000000
5700,0.000000,0.000000
5760,0.000000,0.000000
5820,0.000000,0.000000
5880,0.000000,0.000000
5940,0.000000,0.000000
6000,0.000000,0.000000
6060,0.000000,0.000000
6120,0.000000,0.000000
6180,0.000000,0.000000
6240,0.000000,0.000000
6300,0.000000,0.000000
6360,0.000000,0.000000
6420,0.000000,0.000000
6480,0.000000,0.000000
6540,0.000000,0.000000
6600,0.000000,0.000000
6660,0.000000,0.000000
6720,0.000000,0.000000
6780,0.000000,0.000000
6840,0.000000,0.000000
6900,0.000000,0.000000
6960,0.000000,0.000000
7020,0.000000,0.000000
7080,0.000000,0.000000
7140,0.000000,0.000000
7200,0.000000,0.000000
7260,0.000000,0.000000
7320,0.000000,0.000000
7380,0.000000,0.000000
7440,0.000000,0.000000
7500,0.000000,0.000000
7560,0.000000,0.000000
7620,0.000000,0.000000
7680,0.000000,0.000000
7740,0.000000,0.000000
7800,0.000000,0.000000
7860,0.000000,0.000000
7920,0.000000,0.000000
7980,0.000000,0.000000
