Time,ViralLoad,IFN,Susceptible,Refractory,Infected,Dead,nonPermissive
0,0.000000e+00,0.000000e+00,61926,0,1000,0,27074
20,1.758030e+03,2.725466e+01,49640,17639,1000,0,21721
40,9.308265e+03,9.684928e+02,39740,31724,1000,0,17536
60,2.447071e+04,4.221417e+03,31919,42977,1000,0,14104
80,4.844424e+04,8.677712e+03,25641,52029,1000,0,11330
100,8.213755e+04,1.348250e+04,20603,59283,1000,0,9114
120,1.262657e+05,1.839774e+04,16623,65074,1000,0,7303
140,1.813920e+05,2.335530e+04,13378,69766,1000,0,5856
160,2.479541e+05,2.833062e+04,10680,73656,1000,0,4664
180,3.262694e+05,3.331631e+04,8525,76727,1000,0,3748
200,4.165388e+05,3.830634e+04,6821,79195,1000,0,2984
220,5.188754e+05,4.330041e+04,5504,81116,1000,0,2380
240,6.332915e+05,4.829555e+04,4439,82615,1000,0,1946
260,7.596886e+05,5.329184e+04,3573,83855,1000,0,1572
280,8.979229e+05,5.828900e+04,2903,84841,1000,0,1256
300,1.047700e+06,6.328598e+04,2364,85632,1000,0,1004
320,1.208747e+06,6.828495e+04,1898,86300,1000,0,802
340,1.380622e+06,7.328388e+04,1515,86845,1000,0,640
360,1.562867e+06,7.828145e+04,1207,87281,1000,0,512
380,1.754970e+06,8.328124e+04,980,87630,1000,0,390
400,1.956349e+06,8.828070e+04,776,87896,1000,0,328
420,2.166385e+06,9.328057e+04,630,88101,1000,0,269
440,2.384479e+06,9.827917e+04,516,88262,1000,0,222
460,2.609904e+06,1.032789e+05,407,88407,1000,0,186
480,2.841994e+06,1.082789e+05,319,88525,1000,0,156
500,3.080000e+06,1.132757e+05,264,88605,1000,0,131
520,3.323255e+06,1.182755e+05,200,88695,1000,0,105
540,3.571056e+06,1.232751e+05,163,88750,1000,0,87
560,3.822734e+06,1.282750e+05,134,88801,1000,0,65
580,4.077487e+06,1.332750e+05,113,88835,1000,0,52
600,4.334696e+06,1.382743e+05,93,88860,1000,0,47
620,4.593718e+06,1.432745e+05,70,88896,1000,0,34
640,4.853986e+06,1.482747e+05,53,88921,1000,0,26
660,5.114795e+06,1.532747e+05,44,88937,1000,0,19
680,5.375546e+06,1.582748e+05,37,88946,1000,0,17
700,5.635965e+06,1.632750e+05,31,88960,1000,0,9
720,5.895324e+06,1.682717e+05,22,88969,1000,0,9
740,6.153128e+06,1.732715e+05,18,88974,1000,0,8
760,6.409040e+06,1.782713e+05,16,88977,1000,0,7
780,6.662852e+06,1.832710e+05,11,88983,1000,0,6
800,6.913884e+06,1.882708e+05,9,88986,1000,0,5
820,7.161991e+06,1.932706e+05,7,88989,1000,0,4
840,7.406865e+06,1.982698e+05,4,88993,1000,0,3
860,7.648034e+06,2.032697e+05,4,88995,1000,0,1
880,7.885630e+06,2.082696e+05,4,88995,1000,0,1
900,8.119470e+06,2.132695e+05,2,88997,1000,0,1
920,8.349000e+06,2.182692e+05,2,88997,1000,0,1
940,8.574392e+06,2.232691e+05,2,88997,1000,0,1
960,8.795386e+06,2.282690e+05,1,88998,1000,0,1
980,9.011976e+06,2.332667e+05,1,88999,1000,0,0
1000,9.223994e+06,2.382667e+05,1,88999,1000,0,0
1020,9.431438e+06,2.432666e+05,1,88999,1000,0,0
1040,9.634347e+06,2.482665e+05,1,88999,1000,0,0
1060,9.832595e+06,2.532664e+05,1,88999,1000,0,0
1080,1.002610e+07,2.582664e+05,1,88999,1000,0,0
1100,1.021531e+07,2.632659e+05,0,89000,1000,0,0
1120,1.039969e+07,2.682660e+05,0,89000,1000,0,0
1140,1.057962e+07,2.732663e+05,0,89000,1000,0,0
1160,1.075499e+07,2.782647e+05,0,89000,1000,0,0
1180,1.092593e+07,2.832643e+05,0,89000,1000,0,0
1200,1.109231e+07,2.882640e+05,0,89000,1000,0,0
1220,1.125463e+07,2.932633e+05,0,89000,1000,0,0
1240,1.141235e+07,2.982630e+05,0,89000,1000,0,0
1260,1.156602e+07,3.032627e+05,0,89000,1000,0,0
1280,1.171571e+07,3.082608e+05,0,89000,1000,0,0
1300,1.186108e+07,3.132606e+05,0,89000,1000,0,0
1320,1.200292e+07,3.182603e+05,0,89000,1000,0,0
1340,1.214066e+07,3.232597e+05,0,89000,1000,0,0
1360,1.227434e+07,3.282595e+05,0,89000,1000,0,0
1380,1.240474e+07,3.332592e+05,0,89000,1000,0,0
1400,1.253131e+07,3.382530e+05,0,89000,1000,0,0
1420,1.265467e+07,3.432528e+05,0,89000,1000,0,0
1440,1.277425e+07,3.482522e+05,0,89000,1000,0,0
1460,1.289074e+07,3.532507e+05,0,89000,1000,0,0
1480,1.300393e+07,3.582506e+05,0,89000,1000,0,0
1500,1.311394e+07,3.632502e+05,0,89000,1000,0,0
1520,1.322092e+07,3.682500e+05,0,89000,1000,0,0
1540,1.332476e+07,3.732498e+05,0,89000,1000,0,0
1560,1.342592e+07,3.782495e+05,0,89000,1000,0,0
1580,1.352400e+07,3.832480e+05,0,89000,1000,0,0
1600,1.361931e+07,3.882475e+05,0,89000,1000,0,0
1620,1.371224e+07,3.932474e+05,0,89000,1000,0,0
1640,1.380271e+07,3.982421e+05,0,89000,1000,0,0
1660,1.389024e+07,4.032418e+05,0,89000,1000,0,0
1680,1.397576e+07,4.082404e+05,0,89000,1000,0,0
1700,1.405876e+07,4.132401e+05,0,89000,1000,0,0
1720,1.413924e+07,4.182281e+05,0,89000,1000,0,0
1740,1.421794e+07,4.232266e+05,0,89000,1000,0,0
1760,1.429406e+07,4.282260e+05,0,89000,1000,0,0
1780,1.436828e+07,4.332210e+05,0,89000,1000,0,0
1800,1.444076e+07,4.382192e+05,0,89000,1000,0,0
1820,1.451098e+07,4.432187e+05,0,89000,1000,0,0
1840,1.457922e+07,4.482182e+05,0,89000,1000,0,0
1860,1.464594e+07,4.532166e+05,0,89000,1000,0,0
1880,1.471072e+07,4.582116e+05,0,89000,1000,0,0
1900,1.477373e+07,4.632101e+05,0,89000,1000,0,0
1920,1.483498e+07,4.681958e+05,0,89000,1000,0,0
1940,1.489477e+07,4.731941e+05,0,89000,1000,0,0
1960,1.495293e+07,4.781892e+05,0,89000,1000,0,0
1980,1.500923e+07,4.831875e+05,0,89000,1000,0,0
2000,1.506428e+07,4.881859e+05,0,89000,1000,0,0
2020,1.511806e+07,4.931809e+05,0,89000,1000,0,0
2040,1.517028e+07,4.981793e+05,0,89000,1000,0,0
2060,1.522126e+07,5.031627e+05,0,89000,1000,0,0
2080,1.527101e+07,5.081568e+05,0,89000,1000,0,0
2100,1.531926e+07,5.131558e+05,0,89000,1000,0,0
2120,1.536674e+07,5.181502e+05,0,89000,1000,0,0
2140,1.541273e+07,5.231328e+05,0,89000,1000,0,0
2160,1.545721e+07,5.281269e+05,0,89000,1000,0,0
2180,1.550100e+07,5.331249e+05,0,89000,1000,0,0
2200,1.554373e+07,5.381191e+05,0,89000,1000,0,0
2220,1.558500e+07,5.431020e+05,0,89000,1000,0,0
2240,1.562574e+07,5.480956e+05,0,89000,1000,0,0
2260,1.566500e+07,5.530904e+05,0,89000,1000,0,0
2280,1.570374e+07,5.580698e+05,0,89000,1000,0,0
2300,1.574105e+07,5.630639e+05,0,89000,1000,0,0
2320,1.577795e+07,5.680607e+05,0,89000,1000,0,0
2340,1.581375e+07,5.730406e+05,0,89000,1000,0,0
2360,1.584874e+07,5.780283e+05,0,89000,1000,0,0
2380,1.588279e+07,5.830212e+05,0,89000,1000,0,0
2400,1.591600e+07,5.880004e+05,0,89000,1000,0,0
2420,1.594826e+07,5.929944e+05,0,89000,1000,0,0
2440,1.598006e+07,5.979740e+05,0,89000,1000,0,0
2460,1.601106e+07,6.029592e+05,0,89000,1000,0,0
2480,1.604126e+07,6.079379e+05,0,89000,1000,0,0
2500,1.607100e+07,6.129309e+05,0,89000,1000,0,0
2520,1.610000e+07,6.179014e+05,0,89000,1000,0,0
2540,1.612806e+07,6.228802e+05,0,89000,1000,0,0
2560,1.615594e+07,6.278698e+05,0,89000,1000,0,0
2580,1.618294e+07,6.328384e+05,0,89000,1000,0,0
2600,1.620905e+07,6.378174e+05,0,89000,1000,0,0
2620,1.623499e+07,6.428061e+05,0,89000,1000,0,0
2640,1.626002e+07,6.477706e+05,0,89000,1000,0,0
2660,1.628494e+07,6.527497e+05,0,89000,1000,0,0
2680,1.630895e+07,6.577252e+05,0,89000,1000,0,0
2700,1.633225e+07,6.626888e+05,0,89000,1000,0,0
2720,1.635574e+07,6.676644e+05,0,89000,1000,0,0
2740,1.637800e+07,6.726265e+05,0,89000,1000,0,0
2760,1.640005e+07,6.776022e+05,0,89000,1000,0,0
2780,1.642181e+07,6.825629e+05,0,89000,1000,0,0
2800,1.644295e+07,6.875238e+05,0,89000,1000,0,0
2820,1.646375e+07,6.924986e+05,0,89000,999,1,0
2840,1.648392e+07,6.974504e+05,0,89000,999,1,0
2860,1.650374e+07,7.024065e+05,0,89000,997,3,0
2880,1.652279e+07,7.073212e+05,0,89000,984,16,0
2900,1.654135e+07,7.121608e+05,0,89000,961,39,0
2920,1.655905e+07,7.168321e+05,0,89000,926,74,0
2940,1.657532e+07,7.212664e+05,0,89000,848,152,0
2960,1.658954e+07,7.252103e+05,0,89000,735,265,0
2980,1.660122e+07,7.285526e+05,0,89000,618,382,0
3000,1.661063e+07,7.312582e+05,0,89000,469,531,0
3020,1.661736e+07,7.332282e+05,0,89000,325,675,0
3040,1.662168e+07,7.345060e+05,0,89000,202,798,0
3060,1.662429e+07,7.353071e+05,0,89000,124,876,0
3080,1.662573e+07,7.357576e+05,0,89000,60,940,0
3100,1.662649e+07,7.360056e+05,0,89000,36,964,0
3120,1.662682e+07,7.361108e+05,0,89000,12,988,0
3140,1.662694e+07,7.361502e+05,0,89000,5,995,0
3160,1.662699e+07,7.361678e+05,0,89000,2,998,0
3180,1.662701e+07,7.361729e+05,0,89000,0,1000,0
3200,1.662701e+07,7.361729e+05,0,89000,0,1000,0
3220,1.662701e+07,7.361729e+05,0,89000,0,1000,0
3240,1.662701e+07,7.361729e+05,0,89000,0,1000,0
3260,1.662701e+07,7.361729e+05,0,89000,0,1000,0
3280,1.662701e+07,7.361729e+05,0,89000,0,1000,0
3300,1.662701e+07,7.361729e+05,0,89000,0,1000,0
3320,1.662701e+07,7.361729e+05,0,89000,0,1000,0
3340,1.662701e+07,7.361729e+05,0,89000,0,1000,0
3360,1.662701e+07,7.361729e+05,0,89000,0,1000,0
3380,1.662701e+07,7.361729e+05,0,89000,0,1000,0
3400,1.662701e+07,7.361729e+05,0,89000,0,1000,0
3420,1.662701e+07,7.361729e+05,0,89000,0,1000,0
3440,1.662701e+07,7.361729e+05,0,89000,0,1000,0
3460,1.662701e+07,7.361729e+05,0,89000,0,1000,0
3480,1.662701e+07,7.361729e+05,0,89000,0,1000,0
3500,1.662701e+07,7.361729e+05,0,89000,0,1000,0
3520,1.662701e+07,7.361729e+05,0,89000,0,1000,0
3540,1.662701e+07,7.361729e+05,0,89000,0,1000,0
3560,1.662701e+07,7.361729e+05,0,89000,0,1000,0
3580,1.662701e+07,7.361729e+05,0,89000,0,1000,0
3600,1.662701e+07,7.361729e+05,0,89000,0,1000,0
3620,1.662701e+07,7.361729e+05,0,89000,0,1000,0
3640,1.662701e+07,7.361729e+05,0,89000,0,1000,0
3660,1.662701e+07,7.361729e+05,0,89000,0,1000,0
3680,1.662701e+07,7.361729e+05,0,89000,0,1000,0
3700,1.662701e+07,7.361729e+05,0,89000,0,1000,0
3720,1.662701e+07,7.361729e+05,0,89000,0,1000,0
3740,1.662701e+07,7.361729e+05,0,89000,0,1000,0
3760,1.662701e+07,7.361729e+05,0,89000,0,1000,0
3780,1.662701e+07,7.361729e+05,0,89000,0,1000,0
3800,1.662701e+07,7.361729e+05,0,89000,0,1000,0
3820,1.662701e+07,7.361729e+05,0,89000,0,1000,0
3840,1.662701e+07,7.361729e+05,0,89000,0,1000,0
3860,1.662701e+07,7.361729e+05,0,89000,0,1000,0
3880,1.662701e+07,7.361729e+05,0,89000,0,1000,0
3900,1.662701e+07,7.361729e+05,0,89000,0,1000,0
3920,1.662701e+07,7.361729e+05,0,89000,0,1000,0
3940,1.662701e+07,7.361729e+05,0,89000,0,1000,0
3960,1.662701e+07,7.361729e+05,0,89000,0,1000,0
3980,1.662701e+07,7.361729e+05,0,89000,0,1000,0
